trade_id,trade_date,cusip,product,amount,price
2,2025-05-26,912UMBS30C,UMBS30,35000000,100.34320263963411
3,2025-05-27,912UMBS30A,UMBS30,10000000,100.26294035084481
4,2025-05-27,912UMBS30C,UMBS30,18000000,100.1564740354571
5,2025-05-27,912UMBS30A,UMBS30,2000000,100.12065142263268
6,2025-05-27,912UMBS30A,UMBS30,22000000,100.03252250372003
7,2025-05-27,912UMBS30A,UMBS30,30000000,99.91998374647156
8,2025-05-27,912UMBS30A,UMBS30,30000000,99.9116545446084
9,2025-05-27,912UMBS30B,UMBS30,18000000,100.15525412456239
10,2025-05-27,912UMBS30A,UMBS30,40000000,100.48959276098414
11,2025-05-27,912UMBS30B,UMBS30,40000000,99.99777258618525
12,2025-05-28,912UMBS30A,UMBS30,1000000,99.60768347953808
13,2025-05-28,912UMBS30B,UMBS30,22000000,99.88314180069158
14,2025-05-28,912UMBS30B,UMBS30,18000000,99.7582873756033
15,2025-05-28,912UMBS30A,UMBS30,5000000,99.71792145249638
16,2025-05-28,912UMBS30A,UMBS30,35000000,100.06179778263432
17,2025-05-28,912UMBS30C,UMBS30,4000000,99.89802730820428
18,2025-05-28,912UMBS30A,UMBS30,35000000,99.84081084722595
19,2025-05-28,912UMBS30A,UMBS30,40000000,100.06907586630017
20,2025-05-29,912UMBS30C,UMBS30,35000000,99.74471013703479
21,2025-05-29,912UMBS30C,UMBS30,2000000,100.19060674278684
22,2025-05-29,912UMBS30C,UMBS30,6000000,99.72853665472411
23,2025-05-29,912UMBS30B,UMBS30,3000000,99.86516770685593
24,2025-05-29,912UMBS30A,UMBS30,7000000,99.70240179997424
25,2025-05-30,912UMBS30B,UMBS30,20000000,100.03958342500768
26,2025-05-30,912UMBS30A,UMBS30,35000000,100.34385965415193
27,2025-05-30,912UMBS30A,UMBS30,2000000,99.84887644358386
28,2025-05-30,912UMBS30B,UMBS30,10000000,100.07989524601082
29,2025-05-30,912UMBS30A,UMBS30,1000000,100.00769645787136
30,2025-05-30,912UMBS30A,UMBS30,25000000,100.26886961947112
31,2025-05-30,912UMBS30A,UMBS30,10000000,99.94361654027765
32,2025-05-30,912UMBS30C,UMBS30,1000000,100.31953064380795
33,2025-05-30,912UMBS30A,UMBS30,7000000,99.88496956019829
34,2025-06-02,912UMBS30B,UMBS30,8000000,99.86287379605061
35,2025-06-02,912UMBS30A,UMBS30,6000000,99.98539757882389
36,2025-06-02,912UMBS30B,UMBS30,15000000,99.62080781252239
37,2025-06-02,912UMBS30B,UMBS30,3000000,100.21153655627525
38,2025-06-03,912UMBS30A,UMBS30,22000000,99.95264805993592
39,2025-06-03,912UMBS30C,UMBS30,7000000,99.91069690014614
40,2025-06-03,912UMBS30C,UMBS30,9000000,100.10912527559258
41,2025-06-03,912UMBS30A,UMBS30,22000000,99.97729267025227
42,2025-06-03,912UMBS30A,UMBS30,5000000,99.89172344630383
43,2025-06-03,912UMBS30B,UMBS30,22000000,99.87636844029474
44,2025-06-03,912UMBS30C,UMBS30,35000000,100.05511479795987
45,2025-06-04,912UMBS30C,UMBS30,12000000,100.10335157031008
46,2025-06-04,912UMBS30C,UMBS30,15000000,99.74619968398552
47,2025-06-04,912UMBS30C,UMBS30,15000000,99.85095152971259
48,2025-06-04,912UMBS30B,UMBS30,3000000,100.30803837188965
49,2025-06-04,912UMBS30C,UMBS30,3000000,100.06124219137018
50,2025-06-04,912UMBS30B,UMBS30,25000000,99.87748365592724
51,2025-06-04,912UMBS30A,UMBS30,35000000,100.18569618045576
52,2025-06-04,912UMBS30B,UMBS30,2000000,100.22108437043465
53,2025-06-04,912UMBS30B,UMBS30,12000000,99.94806927743171
54,2025-06-05,912UMBS30C,UMBS30,20000000,99.93870701164249
55,2025-06-05,912UMBS30A,UMBS30,10000000,100.2484319517307
56,2025-06-05,912UMBS30B,UMBS30,4000000,99.7520544616489
57,2025-06-05,912UMBS30C,UMBS30,6000000,99.88234869557228
58,2025-06-05,912UMBS30A,UMBS30,6000000,100.06760871845592
59,2025-06-05,912UMBS30A,UMBS30,30000000,100.20741273084678
60,2025-06-05,912UMBS30B,UMBS30,10000000,100.12482491484437
61,2025-06-06,912UMBS30A,UMBS30,15000000,99.76371686978486
62,2025-06-06,912UMBS30A,UMBS30,18000000,99.68134248118683
63,2025-06-09,912UMBS30A,UMBS30,3000000,100.04617107410988
64,2025-06-09,912UMBS30A,UMBS30,6000000,100.09659936376958
65,2025-06-09,912UMBS30A,UMBS30,9000000,99.69185777004502
66,2025-06-09,912UMBS30C,UMBS30,4000000,99.81328964956397
67,2025-06-09,912UMBS30A,UMBS30,25000000,100.17866088425377
68,2025-06-09,912UMBS30C,UMBS30,2000000,100.24324925537695
69,2025-06-09,912UMBS30A,UMBS30,5000000,99.8925655849534
70,2025-06-10,912UMBS30C,UMBS30,22000000,99.86877270196487
71,2025-06-10,912UMBS30B,UMBS30,4000000,100.27258615262546
72,2025-06-10,912UMBS30B,UMBS30,30000000,99.7892716883094
73,2025-06-10,912UMBS30A,UMBS30,30000000,99.97142782652436
74,2025-06-11,912UMBS30C,UMBS30,8000000,100.15765216481725
75,2025-06-12,912UMBS30A,UMBS30,22000000,99.94212383139279
76,2025-06-12,912UMBS30A,UMBS30,40000000,99.70363924469441
77,2025-06-13,912UMBS30B,UMBS30,18000000,99.83156957049955
78,2025-06-13,912UMBS30A,UMBS30,12000000,99.85207063968862
79,2025-06-13,912UMBS30A,UMBS30,4000000,99.94563341341153
80,2025-06-13,912UMBS30A,UMBS30,5000000,100.26681895024994
81,2025-06-13,912UMBS30C,UMBS30,12000000,99.7714586914159
82,2025-06-13,912UMBS30C,UMBS30,7000000,99.81720976878485
83,2025-06-13,912UMBS30C,UMBS30,7000000,99.75356406040166
84,2025-06-13,912UMBS30B,UMBS30,20000000,99.92152637526607
85,2025-06-13,912UMBS30B,UMBS30,3000000,100.32990797950202
86,2025-06-13,912UMBS30A,UMBS30,30000000,100.248148794547
87,2025-06-16,912UMBS30B,UMBS30,30000000,100.17039223091497
88,2025-06-16,912UMBS30C,UMBS30,7000000,100.06316989235657
89,2025-06-16,912UMBS30A,UMBS30,8000000,100.33785878147704
90,2025-06-16,912UMBS30C,UMBS30,30000000,100.08850472832
91,2025-06-16,912UMBS30C,UMBS30,35000000,99.76535713585186
92,2025-06-16,912UMBS30C,UMBS30,10000000,100.03513358825677
93,2025-06-16,912UMBS30B,UMBS30,20000000,100.0743745551072
94,2025-06-16,912UMBS30B,UMBS30,8000000,99.88845313905354
95,2025-06-16,912UMBS30C,UMBS30,30000000,99.94049115581689
96,2025-06-17,912UMBS30A,UMBS30,22000000,99.6573349512198
97,2025-06-18,912UMBS30A,UMBS30,3000000,100.00103786856296
98,2025-06-18,912UMBS30B,UMBS30,9000000,99.71849441329564
99,2025-06-19,912UMBS30B,UMBS30,30000000,100.08273916640718
100,2025-06-19,912UMBS30A,UMBS30,1000000,99.87807510712734
101,2025-06-19,912UMBS30A,UMBS30,1000000,99.47393025833713
102,2025-06-19,912UMBS30B,UMBS30,22000000,100.21868042987269
103,2025-06-19,912UMBS30A,UMBS30,9000000,100.10841443867332
104,2025-06-19,912UMBS30A,UMBS30,25000000,100.11851986690573
105,2025-06-19,912UMBS30B,UMBS30,10000000,100.20080076066554
106,2025-06-19,912UMBS30B,UMBS30,5000000,99.97656999580704
107,2025-06-19,912UMBS30A,UMBS30,8000000,99.8936880255087
108,2025-06-20,912UMBS30B,UMBS30,7000000,100.1320265574341
109,2025-06-20,912UMBS30C,UMBS30,10000000,99.95020468588322
110,2025-06-20,912UMBS30C,UMBS30,50000000,100.05352815003448
111,2025-06-20,912UMBS30C,UMBS30,25000000,99.65120169942078
112,2025-06-20,912UMBS30B,UMBS30,25000000,99.8127655906975
113,2025-06-20,912UMBS30C,UMBS30,9000000,99.97320715225804
114,2025-06-23,912UMBS30B,UMBS30,8000000,99.77092111108688
115,2025-06-23,912UMBS30C,UMBS30,3000000,100.40463105868085
116,2025-06-23,912UMBS30B,UMBS30,1000000,100.27759183328034
117,2025-06-23,912UMBS30B,UMBS30,8000000,100.07416365946206
118,2025-06-23,912UMBS30B,UMBS30,3000000,99.92705939619665
119,2025-06-23,912UMBS30C,UMBS30,2000000,100.20077167698655
120,2025-06-24,912UMBS30B,UMBS30,35000000,100.11358848878143
121,2025-06-24,912UMBS30C,UMBS30,4000000,99.72441819795908
122,2025-06-24,912UMBS30C,UMBS30,7000000,100.13227154843149
123,2025-06-24,912UMBS30A,UMBS30,2000000,100.4169324293748
124,2025-06-24,912UMBS30B,UMBS30,12000000,99.83904150344894
125,2025-06-24,912UMBS30B,UMBS30,1000000,99.81823772754174
126,2025-06-25,912UMBS30C,UMBS30,22000000,99.96944034481093
127,2025-06-26,912UMBS30C,UMBS30,6000000,99.76488752179203
128,2025-06-26,912UMBS30A,UMBS30,5000000,100.38362114505897
129,2025-06-26,912UMBS30A,UMBS30,25000000,99.67483300675106
130,2025-06-26,912UMBS30B,UMBS30,30000000,100.01947072064523
131,2025-06-26,912UMBS30B,UMBS30,3000000,100.14014912486772
132,2025-06-26,912UMBS30A,UMBS30,3000000,100.23887523386432
133,2025-06-26,912UMBS30B,UMBS30,8000000,99.88648507379727
134,2025-06-26,912UMBS30A,UMBS30,30000000,100.03919928910092
135,2025-06-26,912UMBS30B,UMBS30,10000000,99.6067655975288
136,2025-06-26,912UMBS30B,UMBS30,1000000,100.15355689759834
137,2025-06-27,912UMBS30A,UMBS30,12000000,100.10255098749562
138,2025-06-27,912UMBS30B,UMBS30,30000000,99.8360210086635
139,2025-06-27,912UMBS30A,UMBS30,20000000,99.6975848677221
140,2025-06-27,912UMBS30A,UMBS30,4000000,100.20880685128779
141,2025-06-27,912UMBS30C,UMBS30,7000000,99.89683631316792
142,2025-06-30,912UMBS30C,UMBS30,7000000,100.05838499197573
143,2025-06-30,912UMBS30C,UMBS30,15000000,100.43072805642201
144,2025-06-30,912UMBS30A,UMBS30,4000000,100.09280933485357
145,2025-06-30,912UMBS30A,UMBS30,50000000,99.91017530703199
146,2025-06-30,912UMBS30B,UMBS30,25000000,100.17448641337721
147,2025-06-30,912UMBS30A,UMBS30,3000000,100.03662145185206
148,2025-06-30,912UMBS30C,UMBS30,5000000,99.8188728714678
149,2025-06-30,912UMBS30B,UMBS30,3000000,100.27903847126531
150,2025-06-30,912UMBS30A,UMBS30,8000000,100.16984782895047
151,2025-07-01,912UMBS30A,UMBS30,12000000,99.93133893365668
152,2025-07-01,912UMBS30A,UMBS30,18000000,100.07333326856025
153,2025-07-02,912UMBS30B,UMBS30,1000000,100.18056488694141
154,2025-07-02,912UMBS30C,UMBS30,20000000,100.0416960705072
155,2025-07-02,912UMBS30A,UMBS30,35000000,100.24992859014624
156,2025-07-02,912UMBS30B,UMBS30,35000000,100.09081243955184
157,2025-07-02,912UMBS30A,UMBS30,40000000,100.10033131546751
158,2025-07-02,912UMBS30B,UMBS30,3000000,99.67322423392434
159,2025-07-02,912UMBS30C,UMBS30,25000000,99.49206868172521
160,2025-07-02,912UMBS30C,UMBS30,3000000,100.04407290576344
161,2025-07-02,912UMBS30C,UMBS30,30000000,99.55430292196704
162,2025-07-03,912UMBS30B,UMBS30,4000000,99.9364494964167
163,2025-07-03,912UMBS30B,UMBS30,2000000,100.04866128426967
164,2025-07-03,912UMBS30B,UMBS30,50000000,100.0446099814258
165,2025-07-03,912UMBS30B,UMBS30,9000000,100.14652903565897
166,2025-07-03,912UMBS30A,UMBS30,35000000,100.31872447237555
167,2025-07-03,912UMBS30C,UMBS30,20000000,100.09814922478104
168,2025-07-03,912UMBS30B,UMBS30,12000000,99.9294771050037
169,2025-07-03,912UMBS30B,UMBS30,1000000,99.99041049545914
170,2025-07-03,912UMBS30B,UMBS30,10000000,99.77904645550785
171,2025-07-04,912UMBS30B,UMBS30,6000000,99.87415880626614
172,2025-07-04,912UMBS30A,UMBS30,7000000,100.01577688447776
173,2025-07-04,912UMBS30C,UMBS30,2000000,100.0424566448482
174,2025-07-04,912UMBS30C,UMBS30,35000000,99.83794235195201
175,2025-07-04,912UMBS30B,UMBS30,15000000,99.99483404377088
176,2025-07-04,912UMBS30B,UMBS30,1000000,100.06708959257881
177,2025-07-04,912UMBS30C,UMBS30,7000000,100.12855861756472
178,2025-07-04,912UMBS30B,UMBS30,10000000,100.20938962629333
179,2025-07-08,912UMBS30A,UMBS30,30000000,99.7383896077477
180,2025-07-08,912UMBS30B,UMBS30,2000000,99.83685625548631
181,2025-07-08,912UMBS30C,UMBS30,10000000,100.14269349491737
182,2025-07-08,912UMBS30B,UMBS30,30000000,100.17203022472704
183,2025-07-08,912UMBS30C,UMBS30,9000000,100.11151961749964
184,2025-07-08,912UMBS30A,UMBS30,8000000,99.8092634490704
185,2025-07-08,912UMBS30A,UMBS30,6000000,99.96340279130636
186,2025-07-08,912UMBS30A,UMBS30,7000000,99.72611471911422
187,2025-07-08,912UMBS30A,UMBS30,10000000,99.9691365295363
188,2025-07-08,912UMBS30A,UMBS30,22000000,99.99641244175747
189,2025-07-09,912UMBS30C,UMBS30,3000000,99.90866806977856
190,2025-07-09,912UMBS30C,UMBS30,1000000,100.39325002505787
191,2025-07-09,912UMBS30C,UMBS30,10000000,99.84199225097665
192,2025-07-09,912UMBS30B,UMBS30,18000000,99.9520593415769
193,2025-07-09,912UMBS30A,UMBS30,2000000,100.35005764662874
194,2025-07-09,912UMBS30B,UMBS30,40000000,99.62193814601365
195,2025-07-10,912UMBS30C,UMBS30,35000000,99.7645736485302
196,2025-07-10,912UMBS30C,UMBS30,7000000,100.25499313556662
197,2025-07-10,912UMBS30A,UMBS30,40000000,100.33541549909602
198,2025-07-10,912UMBS30A,UMBS30,6000000,99.72185458265841
199,2025-07-10,912UMBS30B,UMBS30,50000000,100.30813565198385
200,2025-07-11,912UMBS30B,UMBS30,10000000,99.89672113755893
201,2025-07-11,912UMBS30C,UMBS30,25000000,100.0240738726393
202,2025-07-11,912UMBS30A,UMBS30,10000000,99.88632540787329
203,2025-07-11,912UMBS30B,UMBS30,2000000,99.67925124234074
204,2025-07-11,912UMBS30A,UMBS30,40000000,100.08564403416607
205,2025-07-11,912UMBS30B,UMBS30,7000000,100.07439544027373
206,2025-07-11,912UMBS30B,UMBS30,9000000,99.93295744531642
207,2025-07-14,912UMBS30A,UMBS30,50000000,99.88724777406979
208,2025-07-14,912UMBS30C,UMBS30,22000000,99.78017554326107
209,2025-07-15,912UMBS30B,UMBS30,22000000,99.78577649250914
210,2025-07-15,912UMBS30C,UMBS30,12000000,99.48168977431149
211,2025-07-15,912UMBS30A,UMBS30,3000000,100.22000979933077
212,2025-07-15,912UMBS30A,UMBS30,10000000,100.06365317726383
213,2025-07-15,912UMBS30B,UMBS30,20000000,100.12991174283613
214,2025-07-15,912UMBS30B,UMBS30,22000000,99.9441678511824
215,2025-07-15,912UMBS30A,UMBS30,9000000,100.0778253061296
216,2025-07-16,912UMBS30B,UMBS30,4000000,100.03957680186144
217,2025-07-16,912UMBS30A,UMBS30,6000000,100.01347652329096
218,2025-07-16,912UMBS30A,UMBS30,40000000,100.21735309311376
219,2025-07-16,912UMBS30B,UMBS30,2000000,99.74819083574008
220,2025-07-16,912UMBS30B,UMBS30,20000000,100.11808371220057
221,2025-07-16,912UMBS30B,UMBS30,5000000,99.91875778744297
222,2025-07-16,912UMBS30A,UMBS30,18000000,99.99458617411781
223,2025-07-17,912UMBS30C,UMBS30,22000000,99.85205030845721
224,2025-07-17,912UMBS30B,UMBS30,25000000,99.93260428999011
225,2025-07-17,912UMBS30C,UMBS30,5000000,100.0044217814525
226,2025-07-17,912UMBS30C,UMBS30,10000000,100.09883017468228
227,2025-07-17,912UMBS30B,UMBS30,1000000,99.80830079942864
228,2025-07-17,912UMBS30C,UMBS30,12000000,100.06652649133112
229,2025-07-17,912UMBS30A,UMBS30,8000000,99.45717536389469
230,2025-07-17,912UMBS30C,UMBS30,8000000,100.23622493890818
231,2025-07-18,912UMBS30C,UMBS30,35000000,99.94151039291562
232,2025-07-18,912UMBS30A,UMBS30,30000000,99.85764805045035
233,2025-07-18,912UMBS30C,UMBS30,18000000,99.95774883232251
234,2025-07-18,912UMBS30B,UMBS30,20000000,100.03017953295462
235,2025-07-18,912UMBS30C,UMBS30,20000000,100.0485530699177
236,2025-07-18,912UMBS30C,UMBS30,25000000,99.96172447291059
237,2025-07-21,912UMBS30B,UMBS30,8000000,99.88803747967604
238,2025-07-21,912UMBS30C,UMBS30,40000000,100.10218020343747
239,2025-07-21,912UMBS30A,UMBS30,4000000,100.38027730803125
240,2025-07-21,912UMBS30B,UMBS30,12000000,99.64533830594159
241,2025-07-22,912UMBS30B,UMBS30,10000000,99.96770818744358
242,2025-07-23,912UMBS30C,UMBS30,9000000,100.17393538973613
243,2025-07-23,912UMBS30C,UMBS30,5000000,99.78257125856544
244,2025-07-23,912UMBS30A,UMBS30,25000000,99.72405382260823
245,2025-07-23,912UMBS30A,UMBS30,20000000,100.12329467023311
246,2025-07-23,912UMBS30B,UMBS30,10000000,100.07105285684514
247,2025-07-23,912UMBS30C,UMBS30,20000000,99.85606642707486
248,2025-07-23,912UMBS30C,UMBS30,18000000,99.64791752519656
249,2025-07-24,912UMBS30C,UMBS30,7000000,99.98856590048715
250,2025-07-24,912UMBS30A,UMBS30,6000000,100.41067931576008
251,2025-07-24,912UMBS30B,UMBS30,22000000,100.03226256574044
252,2025-07-24,912UMBS30C,UMBS30,8000000,100.0195961093732
253,2025-07-24,912UMBS30B,UMBS30,8000000,100.14862642955435
254,2025-07-24,912UMBS30A,UMBS30,3000000,100.07441823491851
255,2025-07-25,912UMBS30C,UMBS30,1000000,100.0311173143639
256,2025-07-25,912UMBS30A,UMBS30,9000000,100.32661729906934
257,2025-07-28,912UMBS30A,UMBS30,35000000,99.80016726010474
258,2025-07-28,912UMBS30C,UMBS30,40000000,100.16914955247853
259,2025-07-29,912UMBS30A,UMBS30,25000000,100.29745170476872
260,2025-07-29,912UMBS30B,UMBS30,40000000,100.05135907012082
261,2025-07-29,912UMBS30C,UMBS30,50000000,100.02489932599256
262,2025-07-29,912UMBS30C,UMBS30,5000000,100.37230686043023
263,2025-07-29,912UMBS30A,UMBS30,4000000,100.02544060551182
264,2025-07-29,912UMBS30A,UMBS30,30000000,99.85699502111989
265,2025-07-29,912UMBS30A,UMBS30,9000000,99.87228254933598
266,2025-07-29,912UMBS30B,UMBS30,8000000,100.0773947713152
267,2025-07-29,912UMBS30C,UMBS30,3000000,100.06011716330231
268,2025-07-30,912UMBS30C,UMBS30,9000000,99.99060359936509
269,2025-07-30,912UMBS30A,UMBS30,2000000,100.32925519401812
270,2025-07-30,912UMBS30B,UMBS30,10000000,99.91072484126384
271,2025-07-30,912UMBS30B,UMBS30,35000000,99.793363403022
272,2025-07-31,912UMBS30A,UMBS30,3000000,99.98202077925028
273,2025-07-31,912UMBS30A,UMBS30,15000000,99.78796575353591
274,2025-07-31,912UMBS30A,UMBS30,7000000,99.62212239287811
275,2025-07-31,912UMBS30B,UMBS30,50000000,99.90346704743077
276,2025-07-31,912UMBS30C,UMBS30,12000000,99.72881156905775
277,2025-07-31,912UMBS30A,UMBS30,35000000,100.01855499783078
278,2025-08-01,912UMBS30C,UMBS30,12000000,100.04457354344416
279,2025-08-01,912UMBS30C,UMBS30,10000000,100.07602003015151
280,2025-08-01,912UMBS30A,UMBS30,7000000,99.9843868459046
281,2025-08-01,912UMBS30C,UMBS30,1000000,99.79960523064149
282,2025-08-04,912UMBS30C,UMBS30,9000000,100.08654057306681
283,2025-08-04,912UMBS30A,UMBS30,10000000,99.86675859127213
284,2025-08-04,912UMBS30C,UMBS30,2000000,100.21387214834051
285,2025-08-04,912UMBS30C,UMBS30,15000000,100.28963338157885
286,2025-08-04,912UMBS30C,UMBS30,40000000,99.84127574173316
287,2025-08-04,912UMBS30C,UMBS30,1000000,100.07426903499314
288,2025-08-04,912UMBS30B,UMBS30,50000000,100.15746677282118
289,2025-08-04,912UMBS30B,UMBS30,6000000,100.08452663260987
290,2025-08-04,912UMBS30B,UMBS30,4000000,100.17359059704118
291,2025-08-04,912UMBS30B,UMBS30,5000000,99.84243584029598
292,2025-08-05,912UMBS30C,UMBS30,30000000,99.87359785064686
293,2025-08-05,912UMBS30B,UMBS30,7000000,100.13567361600052
294,2025-08-05,912UMBS30A,UMBS30,2000000,99.95700898238323
295,2025-08-05,912UMBS30A,UMBS30,7000000,99.49703061111492
296,2025-08-05,912UMBS30A,UMBS30,25000000,100.29953953531307
297,2025-08-05,912UMBS30B,UMBS30,22000000,100.07897500316614
298,2025-08-05,912UMBS30C,UMBS30,30000000,99.80698583527636
299,2025-08-05,912UMBS30B,UMBS30,30000000,99.93473335375698
300,2025-08-05,912UMBS30A,UMBS30,15000000,100.20906451184436
301,2025-08-05,912UMBS30C,UMBS30,6000000,100.14050866399351
302,2025-08-06,912UMBS30B,UMBS30,9000000,99.48786578548949
303,2025-08-07,912UMBS30C,UMBS30,22000000,100.1195974045147
304,2025-08-07,912UMBS30A,UMBS30,9000000,99.75689885367632
305,2025-08-07,912UMBS30A,UMBS30,8000000,99.92835502889992
306,2025-08-08,912UMBS30B,UMBS30,22000000,100.49267005838652
307,2025-08-08,912UMBS30A,UMBS30,4000000,99.90985884669396
308,2025-08-08,912UMBS30A,UMBS30,40000000,99.91339183073126
309,2025-08-12,912UMBS30A,UMBS30,22000000,100.17926561397108
310,2025-08-12,912UMBS30B,UMBS30,50000000,100.22177353558395
311,2025-08-14,912UMBS30B,UMBS30,6000000,99.98158389302479
312,2025-08-14,912UMBS30C,UMBS30,1000000,99.77198385142958
313,2025-08-14,912UMBS30B,UMBS30,12000000,100.06739122769781
314,2025-08-14,912UMBS30C,UMBS30,5000000,100.09606159909964
315,2025-08-14,912UMBS30C,UMBS30,15000000,100.03549516274617
316,2025-08-14,912UMBS30A,UMBS30,15000000,100.27119653964574
317,2025-08-14,912UMBS30C,UMBS30,6000000,99.68711948040219
318,2025-08-14,912UMBS30B,UMBS30,8000000,100.18640921208066
319,2025-08-14,912UMBS30A,UMBS30,15000000,99.96239982539704
320,2025-08-14,912UMBS30A,UMBS30,18000000,99.76373828370104
321,2025-08-15,912UMBS30A,UMBS30,50000000,99.98701484073396
322,2025-08-15,912UMBS30A,UMBS30,30000000,99.80316981141704
323,2025-08-15,912UMBS30A,UMBS30,15000000,100.15750643776956
324,2025-08-15,912UMBS30A,UMBS30,12000000,100.18812281175363
325,2025-08-15,912UMBS30A,UMBS30,8000000,99.7489673259737
326,2025-08-15,912UMBS30A,UMBS30,6000000,100.10986707293094
327,2025-08-15,912UMBS30B,UMBS30,7000000,99.79608883656755
328,2025-08-15,912UMBS30A,UMBS30,1000000,99.8574865012458
329,2025-08-18,912UMBS30C,UMBS30,6000000,99.73226698759858
330,2025-08-18,912UMBS30B,UMBS30,2000000,100.04902327211434
331,2025-08-19,912UMBS30B,UMBS30,30000000,99.50753274311772
332,2025-08-19,912UMBS30C,UMBS30,9000000,99.76545851642484
333,2025-08-19,912UMBS30C,UMBS30,2000000,100.0291561886614
334,2025-08-19,912UMBS30C,UMBS30,9000000,100.1873896665465
335,2025-08-19,912UMBS30C,UMBS30,7000000,99.79455550293528
336,2025-08-20,912UMBS30A,UMBS30,40000000,100.03318014495915
337,2025-08-20,912UMBS30A,UMBS30,9000000,100.39969965598685
338,2025-08-20,912UMBS30C,UMBS30,7000000,100.10881003708711
339,2025-08-20,912UMBS30B,UMBS30,3000000,99.76489451879038
340,2025-08-20,912UMBS30C,UMBS30,30000000,99.84205908018009
341,2025-08-20,912UMBS30C,UMBS30,1000000,100.05564635782962
342,2025-08-20,912UMBS30A,UMBS30,5000000,99.75444113841996
343,2025-08-20,912UMBS30C,UMBS30,4000000,100.03316943677078
344,2025-08-20,912UMBS30B,UMBS30,1000000,99.99007563076586
345,2025-08-20,912UMBS30C,UMBS30,10000000,99.97327015559722
346,2025-08-21,912UMBS30A,UMBS30,25000000,100.11805878448965
347,2025-08-21,912UMBS30B,UMBS30,35000000,100.21909805883199
348,2025-08-21,912UMBS30B,UMBS30,6000000,99.90737460788485
349,2025-08-21,912UMBS30A,UMBS30,12000000,99.7425451245645
350,2025-08-21,912UMBS30C,UMBS30,6000000,100.04808566105966
351,2025-08-21,912UMBS30A,UMBS30,2000000,100.1351075092443
352,2025-08-21,912UMBS30C,UMBS30,30000000,100.13115968033351
353,2025-08-21,912UMBS30A,UMBS30,8000000,100.28345673728148
354,2025-08-21,912UMBS30C,UMBS30,50000000,100.43605169961602
355,2025-08-22,912UMBS30B,UMBS30,7000000,100.31935033095817
356,2025-08-22,912UMBS30C,UMBS30,7000000,100.14528674715
357,2025-08-22,912UMBS30B,UMBS30,3000000,99.9946731293677
358,2025-08-22,912UMBS30B,UMBS30,9000000,99.55474416330051
359,2025-08-22,912UMBS30B,UMBS30,35000000,99.78750905427425
360,2025-08-22,912UMBS30A,UMBS30,30000000,99.97469784543716
361,2025-08-22,912UMBS30B,UMBS30,20000000,99.93698052393678
362,2025-08-22,912UMBS30A,UMBS30,3000000,99.93070067301049
363,2025-08-22,912UMBS30C,UMBS30,4000000,100.2737469604222
364,2025-08-25,912UMBS30B,UMBS30,15000000,99.91681099430103
365,2025-08-25,912UMBS30B,UMBS30,5000000,100.02873487742315
366,2025-08-25,912UMBS30A,UMBS30,10000000,99.6652454996358
367,2025-08-26,912UMBS30B,UMBS30,7000000,100.1760446805455
368,2025-08-26,912UMBS30A,UMBS30,9000000,99.90951394254382
369,2025-08-26,912UMBS30C,UMBS30,5000000,100.01739580281483
370,2025-08-26,912UMBS30B,UMBS30,2000000,100.02232426543063
371,2025-08-26,912UMBS30A,UMBS30,18000000,100.02892318455318
372,2025-08-26,912UMBS30B,UMBS30,30000000,99.71692391696257
373,2025-08-26,912UMBS30A,UMBS30,50000000,99.83577460183768
374,2025-08-26,912UMBS30B,UMBS30,15000000,99.66192065516996
375,2025-08-26,912UMBS30C,UMBS30,50000000,99.96346582268345
376,2025-08-27,912UMBS30C,UMBS30,10000000,100.1733697995953
377,2025-08-27,912UMBS30A,UMBS30,50000000,99.91592232899256
378,2025-08-27,912UMBS30B,UMBS30,12000000,99.90135596861049
379,2025-08-27,912UMBS30A,UMBS30,10000000,99.62483140530884
380,2025-08-27,912UMBS30C,UMBS30,9000000,100.09964196591127
381,2025-08-28,912UMBS30C,UMBS30,1000000,100.10715031442831
382,2025-08-28,912UMBS30A,UMBS30,9000000,99.77312107580306
383,2025-08-28,912UMBS30B,UMBS30,1000000,100.21893854903745
384,2025-08-28,912UMBS30B,UMBS30,9000000,99.80505929083789
385,2025-08-28,912UMBS30A,UMBS30,10000000,100.21843855062579
386,2025-08-28,912UMBS30B,UMBS30,30000000,100.25323013048326
387,2025-08-28,912UMBS30A,UMBS30,4000000,100.22064982846175
388,2025-08-28,912UMBS30A,UMBS30,7000000,100.27267393161642
389,2025-08-29,912UMBS30C,UMBS30,5000000,100.10857521673738
390,2025-08-29,912UMBS30A,UMBS30,50000000,99.93602087921398
391,2025-08-29,912UMBS30A,UMBS30,40000000,99.85775578537891
392,2025-08-29,912UMBS30C,UMBS30,30000000,100.08813614409154
393,2025-08-29,912UMBS30C,UMBS30,8000000,99.90630189032291
394,2025-08-29,912UMBS30A,UMBS30,7000000,99.7802876281068
395,2025-08-29,912UMBS30B,UMBS30,10000000,100.23376213366284
396,2025-08-29,912UMBS30A,UMBS30,20000000,100.11139028347033
397,2025-08-29,912UMBS30B,UMBS30,40000000,100.19284494352935
398,2025-08-29,912UMBS30A,UMBS30,20000000,100.04438880262799
399,2025-09-01,912UMBS30C,UMBS30,2000000,100.13266843756875
400,2025-09-01,912UMBS30C,UMBS30,6000000,100.256460837267
401,2025-09-01,912UMBS30A,UMBS30,35000000,100.05545534643255
402,2025-09-01,912UMBS30A,UMBS30,1000000,100.06512905321217
403,2025-09-01,912UMBS30A,UMBS30,1000000,100.0175301729208
404,2025-09-01,912UMBS30B,UMBS30,15000000,100.09790665516347
405,2025-09-01,912UMBS30A,UMBS30,2000000,99.96815909295172
406,2025-09-01,912UMBS30A,UMBS30,18000000,99.8419214682403
407,2025-09-02,912UMBS30B,UMBS30,12000000,100.34037776154464
408,2025-09-02,912UMBS30C,UMBS30,12000000,99.79731751447325
409,2025-09-02,912UMBS30A,UMBS30,35000000,99.75227091629621
410,2025-09-02,912UMBS30C,UMBS30,15000000,100.07557957691922
411,2025-09-02,912UMBS30C,UMBS30,2000000,100.0790014340606
412,2025-09-02,912UMBS30B,UMBS30,9000000,99.93337901238105
413,2025-09-02,912UMBS30C,UMBS30,7000000,100.21185149023663
414,2025-09-02,912UMBS30A,UMBS30,50000000,100.12995777775542
415,2025-09-03,912UMBS30C,UMBS30,2000000,100.31352693123776
416,2025-09-03,912UMBS30A,UMBS30,2000000,99.90091621449533
417,2025-09-04,912UMBS30A,UMBS30,18000000,99.98079076100105
418,2025-09-04,912UMBS30C,UMBS30,50000000,100.09891054903203
419,2025-09-04,912UMBS30C,UMBS30,2000000,99.62441584142097
420,2025-09-04,912UMBS30C,UMBS30,10000000,100.13347024456829
421,2025-09-04,912UMBS30B,UMBS30,40000000,99.96620685976643
422,2025-09-04,912UMBS30B,UMBS30,40000000,99.97958553858436
423,2025-09-05,912UMBS30A,UMBS30,8000000,100.0175955169029
424,2025-09-08,912UMBS30C,UMBS30,20000000,100.15030899367584
425,2025-09-08,912UMBS30C,UMBS30,50000000,100.1140914504756
426,2025-09-08,912UMBS30C,UMBS30,25000000,100.03631446236398
427,2025-09-08,912UMBS30C,UMBS30,4000000,99.8499909211056
428,2025-09-08,912UMBS30A,UMBS30,30000000,99.9494638231402
429,2025-09-08,912UMBS30A,UMBS30,4000000,99.89053126774344
430,2025-09-09,912UMBS30B,UMBS30,6000000,99.63102944947504
431,2025-09-09,912UMBS30B,UMBS30,4000000,99.82998140135457
432,2025-09-09,912UMBS30C,UMBS30,4000000,99.7535609630775
433,2025-09-09,912UMBS30A,UMBS30,35000000,99.85283690213012
434,2025-09-09,912UMBS30C,UMBS30,1000000,100.03729343575917
435,2025-09-09,912UMBS30B,UMBS30,50000000,99.80065284708876
436,2025-09-09,912UMBS30B,UMBS30,35000000,99.65042773894125
437,2025-09-09,912UMBS30B,UMBS30,6000000,99.65766847061346
438,2025-09-10,912UMBS30C,UMBS30,20000000,100.05481775976314
439,2025-09-10,912UMBS30C,UMBS30,22000000,100.1436860185699
440,2025-09-10,912UMBS30A,UMBS30,25000000,99.95051515250117
441,2025-09-10,912UMBS30C,UMBS30,20000000,100.35132025152163
442,2025-09-10,912UMBS30B,UMBS30,2000000,100.02622298092679
443,2025-09-10,912UMBS30A,UMBS30,50000000,99.84305438639464
444,2025-09-11,912UMBS30B,UMBS30,12000000,99.63769946451859
445,2025-09-11,912UMBS30A,UMBS30,15000000,100.06374404981872
446,2025-09-11,912UMBS30B,UMBS30,7000000,99.7305631687449
447,2025-09-11,912UMBS30B,UMBS30,7000000,100.18449847892929
448,2025-09-11,912UMBS30C,UMBS30,40000000,99.91251212004748
449,2025-09-11,912UMBS30A,UMBS30,5000000,100.34325409150067
450,2025-09-11,912UMBS30A,UMBS30,20000000,99.99385751859229
451,2025-09-11,912UMBS30C,UMBS30,22000000,100.07233652980973
452,2025-09-11,912UMBS30B,UMBS30,50000000,99.82048817786823
453,2025-09-12,912UMBS30C,UMBS30,6000000,99.99845316077409
454,2025-09-12,912UMBS30A,UMBS30,35000000,99.70764285964468
455,2025-09-12,912UMBS30C,UMBS30,35000000,99.87661812856498
456,2025-09-15,912UMBS30A,UMBS30,2000000,100.26075912353024
457,2025-09-15,912UMBS30C,UMBS30,2000000,99.91913548654867
458,2025-09-15,912UMBS30C,UMBS30,3000000,100.11016253831885
459,2025-09-15,912UMBS30C,UMBS30,4000000,99.50073920406534
460,2025-09-15,912UMBS30A,UMBS30,6000000,99.8840184900689
461,2025-09-15,912UMBS30B,UMBS30,30000000,100.10214273240227
462,2025-09-15,912UMBS30C,UMBS30,5000000,99.94051051962249
463,2025-09-15,912UMBS30C,UMBS30,8000000,99.84405085145902
464,2025-09-15,912UMBS30A,UMBS30,5000000,100.1254868737202
465,2025-09-15,912UMBS30C,UMBS30,1000000,99.86676230991556
466,2025-09-16,912UMBS30B,UMBS30,22000000,99.8357612751283
467,2025-09-17,912UMBS30C,UMBS30,8000000,100.2327443887851
468,2025-09-17,912UMBS30C,UMBS30,7000000,99.86308387598132
469,2025-09-17,912UMBS30A,UMBS30,5000000,100.35866198490017
470,2025-09-17,912UMBS30B,UMBS30,6000000,100.01991485250718
471,2025-09-17,912UMBS30A,UMBS30,30000000,99.86845463202856
472,2025-09-17,912UMBS30A,UMBS30,10000000,100.24899205964991
473,2025-09-19,912UMBS30B,UMBS30,1000000,99.8868267105199
474,2025-09-19,912UMBS30C,UMBS30,1000000,100.1018528142199
475,2025-09-19,912UMBS30A,UMBS30,22000000,100.10662101851635
476,2025-09-19,912UMBS30B,UMBS30,1000000,100.05222843243723
477,2025-09-19,912UMBS30B,UMBS30,1000000,99.99977478456319
478,2025-09-19,912UMBS30C,UMBS30,12000000,99.82075201396924
479,2025-09-22,912UMBS30C,UMBS30,9000000,100.41273204088435
480,2025-09-22,912UMBS30B,UMBS30,20000000,99.76208078434013
481,2025-09-22,912UMBS30B,UMBS30,22000000,99.91190568283888
482,2025-09-22,912UMBS30C,UMBS30,12000000,99.79747682162524
483,2025-09-23,912UMBS30A,UMBS30,5000000,99.78861093299788
484,2025-09-23,912UMBS30C,UMBS30,8000000,100.08325569258254
485,2025-09-23,912UMBS30A,UMBS30,9000000,99.81473380084543
486,2025-09-23,912UMBS30A,UMBS30,50000000,100.21048802576986
487,2025-09-24,912UMBS30C,UMBS30,22000000,99.96911150277126
488,2025-09-24,912UMBS30C,UMBS30,25000000,99.98618555101747
489,2025-09-24,912UMBS30B,UMBS30,1000000,99.72964271240197
490,2025-09-25,912UMBS30C,UMBS30,18000000,100.44427391205525
491,2025-09-25,912UMBS30C,UMBS30,3000000,99.81020219094768
492,2025-09-25,912UMBS30C,UMBS30,40000000,99.8069072042626
493,2025-09-25,912UMBS30C,UMBS30,5000000,100.18637136432757
494,2025-09-25,912UMBS30A,UMBS30,6000000,99.71287627641526
495,2025-09-25,912UMBS30B,UMBS30,3000000,100.17134817582242
496,2025-09-25,912UMBS30C,UMBS30,22000000,99.93359743108275
497,2025-09-25,912UMBS30C,UMBS30,18000000,100.00035699411897
498,2025-09-26,912UMBS30B,UMBS30,50000000,99.95799679029344
499,2025-09-26,912UMBS30B,UMBS30,5000000,99.87250769476051
500,2025-09-26,912UMBS30B,UMBS30,2000000,99.44596564151496
501,2025-09-29,912UMBS30C,UMBS30,50000000,99.71846202785605
502,2025-09-29,912UMBS30A,UMBS30,4000000,99.9412317182844
503,2025-09-29,912UMBS30C,UMBS30,4000000,99.90455180230819
504,2025-09-29,912UMBS30C,UMBS30,2000000,99.88371575351096
505,2025-09-29,912UMBS30B,UMBS30,3000000,99.85351271472368
506,2025-09-29,912UMBS30C,UMBS30,6000000,99.7438161176588
507,2025-09-29,912UMBS30C,UMBS30,2000000,99.9452997655779
508,2025-09-29,912UMBS30C,UMBS30,40000000,99.88876150812874
509,2025-09-30,912UMBS30A,UMBS30,10000000,100.10122880740052
510,2025-09-30,912UMBS30B,UMBS30,18000000,99.80024206711253
511,2025-09-30,912UMBS30C,UMBS30,2000000,100.06707720229376
512,2025-09-30,912UMBS30A,UMBS30,20000000,99.9875532961685
513,2025-10-02,912UMBS30A,UMBS30,22000000,99.9756960508194
514,2025-10-02,912UMBS30B,UMBS30,10000000,99.9179241671809
515,2025-10-02,912UMBS30B,UMBS30,30000000,99.98688150544922
516,2025-10-02,912UMBS30C,UMBS30,9000000,99.9639053083596
517,2025-10-02,912UMBS30C,UMBS30,40000000,99.77250945318431
518,2025-10-02,912UMBS30C,UMBS30,5000000,100.00264488782194
519,2025-10-02,912UMBS30B,UMBS30,2000000,100.33927602112716
520,2025-10-02,912UMBS30A,UMBS30,1000000,99.75431799317582
521,2025-10-03,912UMBS30B,UMBS30,22000000,100.07603227045931
522,2025-10-03,912UMBS30C,UMBS30,18000000,99.93392217089591
523,2025-10-03,912UMBS30B,UMBS30,12000000,100.08294726758487
524,2025-10-03,912UMBS30A,UMBS30,35000000,99.66645944536647
525,2025-10-08,912UMBS30C,UMBS30,30000000,99.87426363614072
526,2025-10-08,912UMBS30B,UMBS30,9000000,100.01805748844447
527,2025-10-08,912UMBS30B,UMBS30,40000000,99.7868677694875
528,2025-10-09,912UMBS30C,UMBS30,18000000,100.1899231528007
529,2025-10-09,912UMBS30A,UMBS30,8000000,100.06452813099372
530,2025-10-09,912UMBS30A,UMBS30,2000000,100.38586322041633
531,2025-10-09,912UMBS30B,UMBS30,20000000,99.82276164024775
532,2025-10-09,912UMBS30A,UMBS30,1000000,99.9732076510473
533,2025-10-09,912UMBS30B,UMBS30,25000000,99.92418246717573
534,2025-10-09,912UMBS30B,UMBS30,8000000,99.71708842501923
535,2025-10-10,912UMBS30C,UMBS30,35000000,99.89492309786262
536,2025-10-10,912UMBS30B,UMBS30,4000000,100.32942130224112
537,2025-10-10,912UMBS30C,UMBS30,25000000,100.05087155420419
538,2025-10-10,912UMBS30A,UMBS30,20000000,99.51474792237889
539,2025-10-10,912UMBS30C,UMBS30,18000000,100.29184370360471
540,2025-10-10,912UMBS30C,UMBS30,6000000,100.01568501890716
541,2025-10-13,912UMBS30C,UMBS30,8000000,100.02354739052521
542,2025-10-13,912UMBS30A,UMBS30,9000000,99.93836136613997
543,2025-10-13,912UMBS30B,UMBS30,6000000,99.7480337625778
544,2025-10-13,912UMBS30C,UMBS30,10000000,99.90289877450599
545,2025-10-13,912UMBS30B,UMBS30,6000000,100.18316330715248
546,2025-10-13,912UMBS30B,UMBS30,3000000,99.79850457414976
547,2025-10-13,912UMBS30B,UMBS30,2000000,100.07766204988448
548,2025-10-13,912UMBS30A,UMBS30,3000000,99.91175766116544
549,2025-10-13,912UMBS30B,UMBS30,4000000,99.9239439430185
550,2025-10-13,912UMBS30C,UMBS30,4000000,99.98651250501547
551,2025-10-14,912UMBS30C,UMBS30,10000000,99.8571533916627
552,2025-10-14,912UMBS30B,UMBS30,5000000,100.20954689232114
553,2025-10-14,912UMBS30B,UMBS30,1000000,100.12972243025118
554,2025-10-14,912UMBS30B,UMBS30,20000000,99.77083488850445
555,2025-10-14,912UMBS30B,UMBS30,40000000,100.13287747059276
556,2025-10-14,912UMBS30C,UMBS30,40000000,99.83450936374754
557,2025-10-15,912UMBS30B,UMBS30,4000000,100.19238263798505
558,2025-10-15,912UMBS30A,UMBS30,2000000,99.79694213219187
559,2025-10-15,912UMBS30C,UMBS30,4000000,99.97231471485834
560,2025-10-15,912UMBS30C,UMBS30,15000000,100.12379340036611
561,2025-10-16,912UMBS30A,UMBS30,1000000,99.82489259867467
562,2025-10-16,912UMBS30C,UMBS30,35000000,99.92887462874882
563,2025-10-16,912UMBS30A,UMBS30,25000000,100.50972544126874
564,2025-10-16,912UMBS30B,UMBS30,35000000,100.1995451426593
565,2025-10-16,912UMBS30A,UMBS30,10000000,100.33717688976549
566,2025-10-16,912UMBS30B,UMBS30,9000000,99.87003169670184
567,2025-10-16,912UMBS30A,UMBS30,10000000,100.08248561988805
568,2025-10-16,912UMBS30C,UMBS30,4000000,100.07944037699525
569,2025-10-16,912UMBS30A,UMBS30,30000000,100.09236906506584
570,2025-10-17,912UMBS30B,UMBS30,10000000,100.08354326996091
571,2025-10-17,912UMBS30B,UMBS30,15000000,99.75309223649286
572,2025-10-17,912UMBS30A,UMBS30,12000000,99.94642547428413
573,2025-10-17,912UMBS30A,UMBS30,50000000,99.75075354651486
574,2025-10-17,912UMBS30B,UMBS30,35000000,100.0733324405465
575,2025-10-17,912UMBS30B,UMBS30,22000000,100.19080634486379
576,2025-10-17,912UMBS30B,UMBS30,2000000,100.17478975480529
577,2025-10-17,912UMBS30C,UMBS30,50000000,100.18702024443606
578,2025-10-17,912UMBS30B,UMBS30,40000000,99.68036661305239
579,2025-10-17,912UMBS30C,UMBS30,25000000,99.74626266506229
580,2025-10-20,912UMBS30A,UMBS30,20000000,99.86048664283805
581,2025-10-20,912UMBS30B,UMBS30,40000000,99.91561948520364
582,2025-10-20,912UMBS30B,UMBS30,40000000,99.71560763451018
583,2025-10-20,912UMBS30A,UMBS30,50000000,100.1112517828373
584,2025-10-20,912UMBS30B,UMBS30,1000000,99.72610205735185
585,2025-10-20,912UMBS30B,UMBS30,10000000,100.20802427783778
586,2025-10-21,912UMBS30C,UMBS30,3000000,100.04600792048849
587,2025-10-21,912UMBS30A,UMBS30,6000000,100.2640574385799
588,2025-10-21,912UMBS30C,UMBS30,50000000,99.8219574458303
589,2025-10-21,912UMBS30C,UMBS30,1000000,100.11899290781955
590,2025-10-21,912UMBS30C,UMBS30,18000000,100.15639436306677
591,2025-10-21,912UMBS30A,UMBS30,18000000,99.98920409611118
592,2025-10-21,912UMBS30B,UMBS30,35000000,99.9453160736906
593,2025-10-21,912UMBS30A,UMBS30,35000000,100.27585110915811
594,2025-10-21,912UMBS30C,UMBS30,2000000,99.86474919946556
595,2025-10-21,912UMBS30B,UMBS30,50000000,100.06696314121605
596,2025-10-22,912UMBS30A,UMBS30,9000000,99.89377723955674
597,2025-10-23,912UMBS30B,UMBS30,12000000,100.27450819442127
598,2025-10-24,912UMBS30B,UMBS30,40000000,99.9881121975035
599,2025-10-24,912UMBS30B,UMBS30,20000000,100.1317224049288
600,2025-10-24,912UMBS30A,UMBS30,40000000,100.07830576650302
601,2025-10-24,912UMBS30B,UMBS30,3000000,99.82592521567524
602,2025-10-24,912UMBS30A,UMBS30,8000000,100.34049565532563
603,2025-10-24,912UMBS30C,UMBS30,50000000,100.15450860443406
604,2025-10-24,912UMBS30C,UMBS30,7000000,99.98175501836468
605,2025-10-27,912UMBS30B,UMBS30,5000000,100.09603177295878
606,2025-10-27,912UMBS30B,UMBS30,10000000,99.62768711088326
607,2025-10-27,912UMBS30A,UMBS30,12000000,99.86909751907172
608,2025-10-28,912UMBS30C,UMBS30,1000000,99.82533689345496
609,2025-10-28,912UMBS30C,UMBS30,4000000,99.85519225533652
610,2025-10-28,912UMBS30C,UMBS30,3000000,99.80187054217527
611,2025-10-28,912UMBS30B,UMBS30,4000000,100.23248604852346
612,2025-10-28,912UMBS30A,UMBS30,3000000,100.03417590969275
613,2025-10-29,912UMBS30B,UMBS30,6000000,100.11650077174497
614,2025-10-29,912UMBS30C,UMBS30,12000000,100.14267115410988
615,2025-10-29,912UMBS30A,UMBS30,4000000,100.16547893041451
616,2025-10-29,912UMBS30B,UMBS30,6000000,100.35695863659383
617,2025-10-29,912UMBS30C,UMBS30,5000000,99.96359628602731
618,2025-10-29,912UMBS30C,UMBS30,3000000,100.27819051087211
619,2025-10-29,912UMBS30B,UMBS30,9000000,99.79012252694312
620,2025-10-29,912UMBS30A,UMBS30,30000000,99.8377518037605
621,2025-10-29,912UMBS30C,UMBS30,5000000,100.11989249981916
622,2025-10-29,912UMBS30C,UMBS30,4000000,99.65980467380976
623,2025-10-30,912UMBS30B,UMBS30,4000000,99.96856122421379
624,2025-10-30,912UMBS30C,UMBS30,25000000,99.81318052673217
625,2025-10-30,912UMBS30A,UMBS30,8000000,99.91040803203666
626,2025-10-30,912UMBS30B,UMBS30,5000000,100.1778577846997
627,2025-10-30,912UMBS30C,UMBS30,35000000,99.96195868575927
628,2025-10-30,912UMBS30A,UMBS30,12000000,100.0447633077396
629,2025-10-30,912UMBS30B,UMBS30,7000000,99.59863332861774
630,2025-10-30,912UMBS30B,UMBS30,15000000,100.02239314682092
631,2025-11-04,912UMBS30B,UMBS30,8000000,100.41385322537714
632,2025-11-04,912UMBS30C,UMBS30,4000000,100.17961732499738
633,2025-11-04,912UMBS30C,UMBS30,5000000,99.95769827714912
634,2025-11-04,912UMBS30A,UMBS30,6000000,99.68835586966871
635,2025-11-04,912UMBS30A,UMBS30,18000000,99.79055558935661
636,2025-11-04,912UMBS30A,UMBS30,22000000,100.04477783400618
637,2025-11-04,912UMBS30B,UMBS30,10000000,100.21460854856774
638,2025-11-05,912UMBS30B,UMBS30,6000000,100.16933321490382
639,2025-11-06,912UMBS30A,UMBS30,2000000,100.2401372391043
640,2025-11-06,912UMBS30B,UMBS30,6000000,99.78478664407596
641,2025-11-06,912UMBS30B,UMBS30,22000000,99.6880008254461
642,2025-11-06,912UMBS30A,UMBS30,18000000,99.97687113318796
643,2025-11-06,912UMBS30B,UMBS30,3000000,100.21900356257389
644,2025-11-07,912UMBS30C,UMBS30,7000000,99.68259746001951
645,2025-11-07,912UMBS30C,UMBS30,7000000,99.84015334992064
646,2025-11-07,912UMBS30B,UMBS30,20000000,100.07756390872781
647,2025-11-07,912UMBS30A,UMBS30,50000000,100.07289350607762
648,2025-11-07,912UMBS30A,UMBS30,6000000,99.63736945051194
649,2025-11-07,912UMBS30B,UMBS30,40000000,99.94413973419215
650,2025-11-07,912UMBS30C,UMBS30,7000000,99.91210096053734
651,2025-11-07,912UMBS30B,UMBS30,40000000,99.85503741858565
652,2025-11-10,912UMBS30A,UMBS30,4000000,99.74455280756952
653,2025-11-10,912UMBS30A,UMBS30,8000000,100.07568289675241
654,2025-11-11,912UMBS30B,UMBS30,4000000,100.23863883033333
655,2025-11-11,912UMBS30B,UMBS30,18000000,99.99444803200497
656,2025-11-11,912UMBS30C,UMBS30,12000000,100.09570012520955
657,2025-11-12,912UMBS30B,UMBS30,1000000,99.94115822556293
658,2025-11-12,912UMBS30A,UMBS30,40000000,100.05627345724366
659,2025-11-12,912UMBS30B,UMBS30,22000000,99.80962757805442
660,2025-11-12,912UMBS30C,UMBS30,4000000,100.04304850333875
661,2025-11-12,912UMBS30B,UMBS30,9000000,100.05000168825718
662,2025-11-12,912UMBS30C,UMBS30,15000000,100.0059370031117
663,2025-11-12,912UMBS30C,UMBS30,12000000,100.04592655304144
664,2025-11-12,912UMBS30A,UMBS30,4000000,99.88605291500971
665,2025-11-12,912UMBS30A,UMBS30,7000000,100.03253797218953
666,2025-11-12,912UMBS30B,UMBS30,50000000,100.06945564662404
667,2025-11-14,912UMBS30C,UMBS30,5000000,100.38285537589917
668,2025-11-14,912UMBS30A,UMBS30,12000000,99.980990130285
669,2025-11-14,912UMBS30A,UMBS30,6000000,100.0651032269188
670,2025-11-14,912UMBS30C,UMBS30,25000000,99.57660950861735
671,2025-11-14,912UMBS30A,UMBS30,5000000,100.19514844589207
672,2025-11-14,912UMBS30A,UMBS30,4000000,100.14027998926782
673,2025-11-14,912UMBS30C,UMBS30,4000000,99.91470116492779
674,2025-11-14,912UMBS30B,UMBS30,7000000,100.27600265066728
675,2025-11-14,912UMBS30A,UMBS30,10000000,100.14608004783057
676,2025-11-14,912UMBS30A,UMBS30,22000000,99.86494593744872
677,2025-11-17,912UMBS30C,UMBS30,10000000,99.79778436198228
678,2025-11-19,912UMBS30B,UMBS30,7000000,100.04828904638204
679,2025-11-20,912UMBS30A,UMBS30,50000000,99.87843877411319
680,2025-11-20,912UMBS30A,UMBS30,2000000,100.240211456423
681,2025-11-20,912UMBS30B,UMBS30,40000000,99.55424321741256
682,2025-11-20,912UMBS30C,UMBS30,12000000,99.77079328289008
683,2025-11-20,912UMBS30A,UMBS30,10000000,99.89445647336944
684,2025-11-20,912UMBS30B,UMBS30,9000000,100.20829855989068
685,2025-11-20,912UMBS30C,UMBS30,4000000,100.2398815358068
686,2025-11-20,912UMBS30B,UMBS30,9000000,99.9350963420074
687,2025-11-20,912UMBS30A,UMBS30,20000000,99.83004307330181
688,2025-11-21,912UMBS30B,UMBS30,30000000,99.84986532959866
689,2025-11-21,912UMBS30A,UMBS30,8000000,99.8616849001254
690,2025-11-21,912UMBS30A,UMBS30,30000000,100.08203785318028
691,2025-11-21,912UMBS30C,UMBS30,10000000,99.83021248311829
692,2025-11-21,912UMBS30C,UMBS30,18000000,99.885101407367
693,2025-11-21,912UMBS30B,UMBS30,10000000,99.71771303445126
694,2025-11-21,912UMBS30C,UMBS30,12000000,99.53445735921873
695,2025-11-21,912UMBS30A,UMBS30,3000000,100.04374550988956
696,2025-11-21,912UMBS30A,UMBS30,3000000,99.98390205678787
